Category,Event,File
Effects,Beep,TN7.wav
Effects,Beep,RTS.wav
Effects,Beep,NUO.wav
Effects,Beep,CPU.wav
Effects,Beep,SB2.wav
Effects,Beep,27U.wav
Effects,Beep,ZO5.wav
Effects,Beep,3N5.wav
Effects,Beep,IMG.wav
Effects,Beep,07L.wav
Effects,Beep,L95.wav
Effects,Beep,TZO.wav
Effects,Beep,TNX.wav
Effects,Beep,5NY.wav
Effects,Beep,K3B.wav
Effects,Beep,SZY.wav
Effects,Beep,XM6.wav
Effects,Beep,I0E.wav
Effects,Beep,ALK.wav
Effects,Beep,2L6.wav
Effects,Beep,SL8.wav
Effects,Boing,LU4.wav
Effects,Boing,1WZ.wav
Effects,Boing,1Y8.wav
Effects,Boing,YM9.wav
Effects,Boing,SUB.wav
Effects,Boing,3NS.wav
Effects,Boing,Z3J.wav
Effects,Boing,8S7.wav
Effects,Boing,L4R.wav
Effects,Boing,T8Y.wav
Effects,Boing,B8Q.wav
Effects,Boing,M8E.wav
Effects,Boing,JZP.wav
Effects,Boing,UFY.wav
Effects,Boing,6J5.wav
Effects,Boing,TCU.wav
Effects,Boing,IFB.wav
Effects,Boing,PWB.wav
Effects,Boing,OGP.wav
Effects,Boing,DGR.wav
Effects,Boing,9SV.wav
Effects,Boing,OKU.wav
Effects,Boing,SOV.wav
Effects,Boing,SZV.wav
Effects,Boing,16B.wav
Effects,Boing,WO4.wav
Effects,Boing,483.wav
Effects,Boing,6S3.wav
Effects,Boing,D7K.wav
Effects,Boing,8L6.wav
Effects,Boing,3B4.wav
Effects,Boing,7XP.wav
Effects,Boing,6C3.wav
Effects,Boing,N9T.wav
Effects,Boing,NHM.wav
Effects,Boing,2V3.wav
Effects,Boing,TPX.wav
Effects,Boing,NJR.wav
Effects,Boing,D4A.wav
Effects,Boing,E2O.wav
Effects,Boing,63J.wav
Effects,Boing,D8J.wav
Effects,Boing,VI5.wav
Effects,Boing,UM8.wav
Effects,Cartoon,6CR.wav
Effects,Cartoon,39L.wav
Effects,Cartoon,56F.wav
Effects,Cartoon,ABN.wav
Effects,Cartoon,3T0.wav
Effects,Cartoon,5XJ.wav
Effects,Cartoon,BGV.wav
Effects,Cartoon,7CG.wav
Effects,Cartoon,BVY.wav
Effects,Cartoon,OX2.wav
Effects,Cartoon,TQC.wav
Effects,Cartoon,NSX.wav
Effects,Cartoon,1KO.wav
Effects,Cartoon,8VP.wav
Effects,Cartoon,N3P.wav
Effects,Cartoon,WVT.wav
Effects,Cartoon,1XE.wav
Effects,Cartoon,IPJ.wav
Effects,Cartoon,5WS.wav
Effects,Cartoon,VTR.wav
Effects,Cartoon,0W9.wav
Effects,Click,ERW.wav
Effects,Click,R8E.wav
Effects,Click,S25.wav
Effects,Click,EFW.wav
Effects,Click,HXG.wav
Effects,Click,9G1.wav
Effects,Click,QUG.wav
Effects,Click,1MH.wav
Effects,Click,NHX.wav
Effects,Click,AXG.wav
Effects,Click,OEA.wav
Effects,Click,VFT.wav
Effects,Click,1JB.wav
Effects,Click,SD6.wav
Effects,Click,T7Y.wav
Effects,Click,1QU.wav
Effects,Click,329.wav
Effects,Click,TMX.wav
Effects,Click,MSX.wav
Effects,Click,TJL.wav
Effects,Click,4NU.wav
Effects,Ding,GT3.wav
Effects,Ding,6QN.wav
Effects,Ding,BZA.wav
Effects,Ding,361.wav
Effects,Ding,E63.wav
Effects,Ding,WKD.wav
Effects,Ding,D6H.wav
Effects,Ding,7WO.wav
Effects,Ding,DUO.wav
Effects,Ding,ROP.wav
Effects,Ding,ZIG.wav
Effects,Ding,ZN9.wav
Effects,Ding,WD7.wav
Effects,Ding,20Q.wav
Effects,Ding,U76.wav
Effects,Ding,8PW.wav
Effects,Ding,2H6.wav
Effects,Ding,0M8.wav
Effects,Ding,JCB.wav
Effects,Ding,S6W.wav
Effects,Ding,T6U.wav
Effects,Ding,HNG.wav
Effects,Ding,KL2.wav
Effects,Ding,7X1.wav
Effects,Ding,OQ2.wav
Effects,Ding,1Y6.wav
Effects,Ding,JYH.wav
Effects,Ding,5LH.wav
Effects,Hit,FQ2.wav
Effects,Hit,5LM.wav
Effects,Hit,HTN.wav
Effects,Hit,CG9.wav
Effects,Hit,X1O.wav
Effects,Hit,FW6.wav
Effects,Hit,L5S.wav
Effects,Hit,AOD.wav
Effects,Horror,ENH.wav
Effects,Horror,NW0.wav
Effects,Horror,FCQ.wav
Effects,Horror,3J1.wav
Effects,Jump,WBS.wav
Effects,Jump,QIF.wav
Effects,Jump,T60.wav
Effects,Jump,JFI.wav
Effects,Jump,X5Y.wav
Effects,Jump,3S7.wav
Effects,Keyboard typing,KXR.wav
Effects,Keyboard typing,32W.wav
Effects,Keyboard typing,LIR.wav
Effects,Keyboard typing,OL8.wav
Effects,Keyboard typing,SHW.wav
Effects,Keyboard typing,UIF.wav
Effects,Keyboard typing,2T3.wav
Effects,Keyboard typing,QYF.wav
Effects,Keyboard typing,BPK.wav
Effects,Keyboard typing,Q26.wav
Effects,Keyboard typing,U0Y.wav
Effects,Keyboard typing,HYG.wav
Effects,Keyboard typing,8OB.wav
Effects,Keyboard typing,4JS.wav
Effects,Keyboard typing,DHW.wav
Effects,Keyboard typing,EJ8.wav
Effects,Keyboard typing,GWO.wav
Effects,Keyboard typing,WM5.wav
Effects,Keyboard typing,X47.wav
Effects,Keyboard typing,GXQ.wav
Effects,Keyboard typing,G73.wav
Effects,Keyboard typing,HNL.wav
Effects,Keyboard typing,BIH.wav
Effects,Keyboard typing,UHW.wav
Effects,Keyboard typing,WQL.wav
Effects,Keyboard typing,HSB.wav
Effects,Kick,RKC.wav
Effects,Kick,V9M.wav
Effects,Kick,IVO.wav
Effects,Kick,PDC.wav
Effects,Kick,LO0.wav
Effects,Kick,MVR.wav
Effects,Kick,AEJ.wav
Effects,Kick,J8S.wav
Effects,Laser,14M.wav
Effects,Laser,2DC.wav
Effects,Laser,SIE.wav
Effects,Laser,XD0.wav
Effects,Laser,CQ3.wav
Effects,Laser,EB0.wav
Effects,Magic,FEU.wav
Effects,Magic,J3E.wav
Effects,Magic,HY4.wav
Effects,Magic,4JQ.wav
Effects,Magic,DM3.wav
Effects,Magic,ZR6.wav
Effects,Magic,GMN.wav
Effects,Magic,N01.wav
Effects,Magic,W70.wav
Effects,Magic,Z94.wav
Effects,Magic,IAU.wav
Effects,Magic,XLO.wav
Effects,Magic,PLF.wav
Effects,Magic,IV0.wav
Effects,Magic,VIK.wav
Effects,Magic,VXH.wav
Effects,Magic,H3L.wav
Effects,Magic,7WQ.wav
Effects,Magic,3YK.wav
Effects,Pop,XR5.wav
Effects,Pop,M2Q.wav
Effects,Pop,RDT.wav
Effects,Pop,2AF.wav
Effects,Pop,YS8.wav
Effects,Pop,UKL.wav
Effects,Pop,S5Q.wav
Effects,Pop,6RL.wav
Effects,Pop,BGN.wav
Effects,Pop,9CH.wav
Effects,Pop,6X2.wav
Effects,Pop,5MN.wav
Effects,Pop,CUY.wav
Effects,Slap,03J.wav
Effects,Slap,7V9.wav
Effects,Slap,YI3.wav
Effects,Slap,8VI.wav
Effects,Slap,EHS.wav
Effects,Slap,0ZW.wav
Effects,Slap,PO4.wav
Effects,Slap,ET9.wav
Effects,Slap,PWR.wav
Effects,Slap,8NU.wav
Effects,Slap,WKS.wav
Effects,Slap,2K7.wav
Effects,Slap,37O.wav
Effects,Slap,DI4.wav
Effects,Slap,V5F.wav
Effects,Slap,SQW.wav
Effects,Slap,9H6.wav
Effects,Slap,E8H.wav
Effects,Slap,ZA2.wav
Effects,Slap,C8M.wav
Effects,Smash,T1D.wav
Effects,Smash,6E0.wav
Effects,Smash,BJD.wav
Effects,Smash,NW3.wav
Effects,Smash,LHO.wav
Effects,Smash,3UR.wav
Effects,Smash,DJ6.wav
Effects,Splat,A3L.wav
Effects,Squeak,GC4.wav
Effects,Squeak,N4R.wav
Effects,Squeak,O19.wav
Effects,Squeak,3D5.wav
Effects,Thud,OE1.wav
Effects,Thud,PAK.wav
Effects,Thud,PJF.wav
Effects,Thud,NH4.wav
Effects,Thud,P5M.wav
Effects,Whoosh,DKP.wav
Effects,Whoosh,YZA.wav
Effects,Whoosh,6ML.wav
Effects,Whoosh,WIM.wav
Effects,Whoosh,2Z8.wav
Effects,Whoosh,X45.wav
Effects,Whoosh,SNR.wav
Effects,Whoosh,NWK.wav
Effects,Whoosh,G3I.wav
Effects,Whoosh,LHW.wav
Effects,Whoosh,BQO.wav
Effects,Whoosh,WGL.wav
Effects,Whoosh,CUV.wav
Effects,Whoosh,D1A.wav
Effects,Whoosh,JD6.wav
Effects,Whoosh,KQN.wav
Effects,Whoosh,FLJ.wav
Effects,Whoosh,TBF.wav
Effects,Whoosh,GQ1.wav
Effects,Whoosh,C8H.wav
Effects,Whoosh,ABO.wav
Effects,Whoosh,B8G.wav
Effects,Whoosh,7NR.wav
Effects,Whoosh,XWA.wav
Effects,Whoosh,YT5.wav
Effects,Whoosh,ARQ.wav
Effects,Whoosh,MH9.wav
Effects,Whoosh,D8P.wav
Effects,Whoosh,0UB.wav
Effects,Whoosh,C0E.wav
Effects,Whoosh,L7F.wav
Effects,Whoosh,MHF.wav
Effects,Whoosh,UMB.wav
Effects,Whoosh,2TK.wav
Effects,Whoosh,R54.wav
Effects,Whoosh,MDO.wav
Effects,Whoosh,PCT.wav
Effects,Whoosh,BGE.wav
Human,Breathing,NU1.wav
Human,Breathing,9PO.wav
Human,Breathing,J1Y.wav
Human,Breathing,QXV.wav
Human,Breathing,Y9D.wav
Human,Breathing,V0J.wav
Human,Breathing,1IO.wav
Human,Breathing,JQ8.wav
Human,Breathing,DZ3.wav
Human,Breathing,OG0.wav
Human,Breathing,FXU.wav
Human,Breathing,IGR.wav
Human,Breathing,NB0.wav
Human,Breathing,JX8.wav
Human,Breathing,EYS.wav
Human,Breathing,8JN.wav
Human,Breathing,8XJ.wav
Human,Breathing,GMC.wav
Human,Breathing,ZRF.wav
Human,Breathing,FAT.wav
Human,Breathing,5CQ.wav
Human,Brushing teeth,RPY.wav
Human,Brushing teeth,ZT0.wav
Human,Brushing teeth,M0T.wav
Human,Brushing teeth,VKG.wav
Human,Brushing teeth,0OE.wav
Human,Brushing teeth,218.wav
Human,Brushing teeth,JBZ.wav
Human,Brushing teeth,JB2.wav
Human,Brushing teeth,NVW.wav
Human,Brushing teeth,241.wav
Human,Brushing teeth,M5T.wav
Human,Brushing teeth,0VY.wav
Human,Brushing teeth,E1J.wav
Human,Brushing teeth,WQD.wav
Human,Brushing teeth,2RP.wav
Human,Brushing teeth,HFE.wav
Human,Brushing teeth,2C0.wav
Human,Brushing teeth,MHD.wav
Human,Brushing teeth,0TJ.wav
Human,Brushing teeth,I4O.wav
Human,Brushing teeth,Q9Z.wav
Human,Brushing teeth,3HK.wav
Human,Brushing teeth,CZI.wav
Human,Clapping,FUE.wav
Human,Clapping,HN1.wav
Human,Clapping,P1H.wav
Human,Clapping,M4P.wav
Human,Clapping,A2G.wav
Human,Clapping,4QS.wav
Human,Clapping,DSO.wav
Human,Clapping,WDY.wav
Human,Clapping,5KF.wav
Human,Clapping,R1X.wav
Human,Clapping,7DV.wav
Human,Clapping,T9E.wav
Human,Clapping,7E8.wav
Human,Clapping,CDZ.wav
Human,Clapping,6FZ.wav
Human,Clapping,RDN.wav
Human,Clapping,E0P.wav
Human,Clapping,ICS.wav
Human,Clapping,94Q.wav
Human,Clapping,VR3.wav
Human,Clapping,NUC.wav
Human,Clapping,6LV.wav
Human,Clapping,VY3.wav
Human,Clapping,6Q1.wav
Human,Clapping,26X.wav
Human,Clapping,53W.wav
Human,Clapping,0NH.wav
Human,Clapping,E58.wav
Human,Clapping,MYC.wav
Human,Clapping,ZMS.wav
Human,Coughing,KUZ.wav
Human,Coughing,83N.wav
Human,Coughing,YUC.wav
Human,Coughing,CZH.wav
Human,Coughing,H4E.wav
Human,Coughing,FL3.wav
Human,Coughing,TNZ.wav
Human,Coughing,QK3.wav
Human,Coughing,IHT.wav
Human,Coughing,10P.wav
Human,Coughing,OBR.wav
Human,Coughing,2XN.wav
Human,Coughing,5YV.wav
Human,Coughing,W67.wav
Human,Coughing,OY7.wav
Human,Coughing,9KJ.wav
Human,Coughing,TVQ.wav
Human,Coughing,LAU.wav
Human,Coughing,YQF.wav
Human,Coughing,7SV.wav
Human,Coughing,Q2U.wav
Human,Coughing,NDH.wav
Human,Coughing,TMC.wav
Human,Coughing,HLS.wav
Human,Crowd,1LI.wav
Human,Crowd,5SO.wav
Human,Crowd,OET.wav
Human,Crowd,Z3C.wav
Human,Crowd,PK8.wav
Human,Crowd,X7T.wav
Human,Crowd,WC7.wav
Human,Crowd,5C4.wav
Human,Crowd,E6K.wav
Human,Crowd,6KS.wav
Human,Crowd,N3B.wav
Human,Crowd,IV2.wav
Human,Crying baby,UQP.wav
Human,Crying baby,6CD.wav
Human,Crying baby,6DK.wav
Human,Crying baby,1PA.wav
Human,Crying baby,4PM.wav
Human,Crying baby,HJR.wav
Human,Crying baby,06B.wav
Human,Crying baby,OLS.wav
Human,Crying baby,O5W.wav
Human,Crying baby,IWX.wav
Human,Crying baby,Y7B.wav
Human,Crying baby,VO4.wav
Human,Crying baby,8YD.wav
Human,Crying baby,1SU.wav
Human,Crying baby,39E.wav
Human,Crying baby,9TD.wav
Human,Crying baby,4HY.wav
Human,Crying baby,XA6.wav
Human,Crying baby,34V.wav
Human,Crying baby,O7G.wav
Human,Crying baby,OL4.wav
Human,Crying baby,YBX.wav
Human,Crying baby,S3R.wav
Human,Crying baby,CHK.wav
Human,Crying baby,RD2.wav
Human,Crying baby,YJG.wav
Human,Crying baby,0CY.wav
Human,Crying baby,OHY.wav
Human,Crying baby,DB1.wav
Human,Crying baby,ET6.wav
Human,Crying baby,HAL.wav
Human,Drinking,K57.wav
Human,Drinking,47Z.wav
Human,Drinking,3D9.wav
Human,Drinking,SFZ.wav
Human,Drinking,X9E.wav
Human,Drinking,R8P.wav
Human,Drinking,VGJ.wav
Human,Drinking,OT8.wav
Human,Drinking,KVB.wav
Human,Drinking,TD6.wav
Human,Drinking,3XR.wav
Human,Drinking,NGI.wav
Human,Drinking,WIO.wav
Human,Drinking,SJ9.wav
Human,Drinking,ODL.wav
Human,Drinking,7D4.wav
Human,Drinking,8IS.wav
Human,Drinking,ZIF.wav
Human,Drinking,T8D.wav
Human,Drinking,2EZ.wav
Human,Drinking,WV0.wav
Human,Drinking,PFC.wav
Human,Drinking,OFI.wav
Human,Drinking,WP4.wav
Human,Drinking,51J.wav
Human,Drinking,DM9.wav
Human,Drinking,07M.wav
Human,Eating,56D.wav
Human,Eating,QFH.wav
Human,Footsteps,E16.wav
Human,Footsteps,4O5.wav
Human,Footsteps,3AW.wav
Human,Footsteps,5V7.wav
Human,Footsteps,NOX.wav
Human,Footsteps,M6N.wav
Human,Footsteps,I3N.wav
Human,Footsteps,3SX.wav
Human,Footsteps,R3S.wav
Human,Footsteps,AE7.wav
Human,Footsteps,G8K.wav
Human,Footsteps,HLA.wav
Human,Footsteps,LAG.wav
Human,Footsteps,Y6U.wav
Human,Footsteps,OXK.wav
Human,Footsteps,NRG.wav
Human,Footsteps,X1A.wav
Human,Footsteps,IF8.wav
Human,Footsteps,JFG.wav
Human,Footsteps,JC5.wav
Human,Footsteps,EWS.wav
Human,Footsteps,06X.wav
Human,Footsteps,I7E.wav
Human,Footsteps,VZC.wav
Human,Footsteps,AVF.wav
Human,Footsteps,VPX.wav
Human,Footsteps,9A1.wav
Human,Footsteps,D7S.wav
Human,Heartbeat,9ZA.wav
Human,Heartbeat,AWP.wav
Human,Heartbeat,LMG.wav
Human,Kiss,KYE.wav
Human,Kiss,6FL.wav
Human,Kiss,PYU.wav
Human,Kiss,98E.wav
Human,Laughing,U7Q.wav
Human,Laughing,RMT.wav
Human,Laughing,WK2.wav
Human,Laughing,FE4.wav
Human,Laughing,8IG.wav
Human,Laughing,6JX.wav
Human,Laughing,2XU.wav
Human,Laughing,MVP.wav
Human,Laughing,D7G.wav
Human,Laughing,XNB.wav
Human,Laughing,1E3.wav
Human,Laughing,BW0.wav
Human,Laughing,CJU.wav
Human,Laughing,UQS.wav
Human,Laughing,N0F.wav
Human,Laughing,6IK.wav
Human,Laughing,4LV.wav
Human,Laughing,V7W.wav
Human,Laughing,J6N.wav
Human,Laughing,9M7.wav
Human,Laughing,FIG.wav
Human,Laughing,8YF.wav
Human,Laughing,84O.wav
Human,Laughing,7EB.wav
Human,Laughing,264.wav
Human,Laughing,E6R.wav
Human,Laughing,WJA.wav
Human,Laughing,WK4.wav
Human,Running,NO5.wav
Human,Running,28A.wav
Human,Running,RSH.wav
Human,Running,SHK.wav
Human,Running,HQ8.wav
Human,Running,8KL.wav
Human,Running,2X9.wav
Human,Running,ZF9.wav
Human,Running,EB2.wav
Human,Scream,C5K.wav
Human,Scream,1X2.wav
Human,Scream,EFZ.wav
Human,Scream,CA9.wav
Human,Sneezing,LK5.wav
Human,Sneezing,OVC.wav
Human,Sneezing,OPG.wav
Human,Sneezing,4LA.wav
Human,Sneezing,M4U.wav
Human,Sneezing,N26.wav
Human,Sneezing,DZB.wav
Human,Sneezing,B6U.wav
Human,Sneezing,9JK.wav
Human,Sneezing,Z5I.wav
Human,Sneezing,PYE.wav
Human,Sneezing,BXJ.wav
Human,Sneezing,IHJ.wav
Human,Sneezing,6F4.wav
Human,Sneezing,514.wav
Human,Sneezing,ACM.wav
Human,Sneezing,8S6.wav
Human,Sneezing,LZF.wav
Human,Sneezing,FA3.wav
Human,Sneezing,31O.wav
Human,Sneezing,WKM.wav
Human,Sneezing,LG7.wav
Human,Sneezing,Y7N.wav
Human,Sneezing,HL8.wav
Human,Sneezing,HJ6.wav
Human,Sneezing,4DE.wav
Human,Sneezing,7A1.wav
Human,Sneezing,N8D.wav
Human,Snoring,PZG.wav
Human,Snoring,R8N.wav
Human,Snoring,WFD.wav
Human,Snoring,A5W.wav
Human,Snoring,B35.wav
Human,Snoring,K5F.wav
Human,Snoring,UZ2.wav
Human,Snoring,GOK.wav
Human,Snoring,1LC.wav
Human,Snoring,UEL.wav
Human,Snoring,QJL.wav
Human,Snoring,UHZ.wav
Human,Snoring,IUV.wav
Human,Snoring,64T.wav
Human,Snoring,7KM.wav
Human,Snoring,LNF.wav
Human,Snoring,YFL.wav
Human,Snoring,6SL.wav
Human,Snoring,YSV.wav
Human,Snoring,05Q.wav
Human,Snoring,XNK.wav
Human,Snoring,215.wav
Human,Snoring,AIL.wav
Human,Snoring,BJZ.wav
Human,Splash,DZ4.wav
Human,Splash,XPJ.wav
Music,Accordian,F52.wav
Music,Banjo,BJF.wav
Music,Banjo,YQB.wav
Music,Bass,40S.wav
Music,Bass,T8C.wav
Music,Bass,3JW.wav
Music,Bass,SJN.wav
Music,Bass,L4P.wav
Music,Bass,1A5.wav
Music,Bass,RUJ.wav
Music,Bass,XUA.wav
Music,Bass,ODE.wav
Music,Bass,V2F.wav
Music,Bass,S3W.wav
Music,Bass,VQ0.wav
Music,Bass,7PG.wav
Music,Bass,V0E.wav
Music,Bass,O4D.wav
Music,Bass,13K.wav
Music,Bass,X2C.wav
Music,Bass,X50.wav
Music,Bass,YBP.wav
Music,Bass,PMZ.wav
Music,Bass,E0A.wav
Music,Bass,1WI.wav
Music,Bass,EP4.wav
Music,Bass,N7L.wav
Music,Bass,QN4.wav
Music,Bass,XCY.wav
Music,Bass,ILR.wav
Music,Bass,RTG.wav
Music,Bass,Y96.wav
Music,Bass,QIY.wav
Music,Bass,XQD.wav
Music,Bass,O6B.wav
Music,Bass,D2V.wav
Music,Bass,R6F.wav
Music,Bass,QB6.wav
Music,Bass,07W.wav
Music,Bass,RIU.wav
Music,Bass,4CW.wav
Music,Bass,PBV.wav
Music,Bass,BV5.wav
Music,Bass,BP7.wav
Music,Bass,QK6.wav
Music,Bass,C5J.wav
Music,Bass,A5K.wav
Music,Bass,4CI.wav
Music,Bass,ESO.wav
Music,Bass,D3F.wav
Music,Bass,IVX.wav
Music,Bass,2YA.wav
Music,Bass,DOC.wav
Music,Bass,BLU.wav
Music,Bass,E15.wav
Music,Bass,O6G.wav
Music,Bass,NI4.wav
Music,Bass,TIQ.wav
Music,Bass,MPE.wav
Music,Bass,MJQ.wav
Music,Bass,70D.wav
Music,Bassoon,MG9.wav
Music,Bazouki,HVI.wav
Music,Bazouki,YJB.wav
Music,Brass,Y8L.wav
Music,Brass,A9C.wav
Music,Brass,K4O.wav
Music,Brass,MQK.wav
Music,Brass,HKB.wav
Music,Brass,8HJ.wav
Music,Brass,H7T.wav
Music,Brass,ASO.wav
Music,Brass,IZF.wav
Music,Brass,URB.wav
Music,Brass,JD1.wav
Music,Brass,7A5.wav
Music,Brass,VPJ.wav
Music,Brass,1OM.wav
Music,Brass,XMT.wav
Music,Brass,LXE.wav
Music,Brass,4LP.wav
Music,Brass,WTA.wav
Music,Brass,ZPK.wav
Music,Brass,9Z7.wav
Music,Brass,FH0.wav
Music,Brass,XAQ.wav
Music,Brass,N0Y.wav
Music,Brass,6EC.wav
Music,Brass,TV6.wav
Music,Cello,L1C.wav
Music,Church bells,I4L.wav
Music,Church bells,7M5.wav
Music,Church bells,HYS.wav
Music,Church bells,IQZ.wav
Music,Church bells,NHU.wav
Music,Church bells,IYL.wav
Music,Church bells,XEJ.wav
Music,Church bells,5NO.wav
Music,Church bells,8VB.wav
Music,Church bells,SU8.wav
Music,Church bells,2UP.wav
Music,Church bells,SPX.wav
Music,Church bells,V08.wav
Music,Church bells,D14.wav
Music,Church bells,6C0.wav
Music,Church bells,4GK.wav
Music,Clarinet,SNE.wav
Music,Clarinet,1FJ.wav
Music,Didgeridoo,1F6.wav
Music,Didgeridoo,9IA.wav
Music,Didgeridoo,DE6.wav
Music,Didgeridoo,PBN.wav
Music,Didgeridoo,YJT.wav
Music,Drums,2HS.wav
Music,Drums,4ZT.wav
Music,Drums,368.wav
Music,Drums,HQ5.wav
Music,Drums,G6J.wav
Music,Drums,5VC.wav
Music,Drums,OQE.wav
Music,Drums,OLI.wav
Music,Drums,RD8.wav
Music,Drums,X4O.wav
Music,Drums,LPO.wav
Music,Drums,KXN.wav
Music,Drums,LF2.wav
Music,Drums,F7W.wav
Music,Drums,3PN.wav
Music,Drums,ITD.wav
Music,Drums,CE1.wav
Music,Drums,WR2.wav
Music,Drums,9G8.wav
Music,Drums,IX3.wav
Music,Drums,CW8.wav
Music,Drums,MEO.wav
Music,Drums,W1T.wav
Music,Drums,I79.wav
Music,Drums,GLI.wav
Music,Drums,R0F.wav
Music,Drums,KDT.wav
Music,Drums,65J.wav
Music,Drums,KHP.wav
Music,Drums,1JI.wav
Music,Drums,I8N.wav
Music,Drums,SQD.wav
Music,Drums,L1V.wav
Music,Drums,KNU.wav
Music,Drums,IY1.wav
Music,Drums,RY9.wav
Music,Drums,0BD.wav
Music,Drums,3IE.wav
Music,Drums,LUN.wav
Music,Drums,YP6.wav
Music,Drums,BKA.wav
Music,Drums,4XC.wav
Music,Drums,JCV.wav
Music,Drums,W2Z.wav
Music,Drums,93T.wav
Music,Drums,NXY.wav
Music,Drums,KZ8.wav
Music,Drums,M4T.wav
Music,Drums,1WX.wav
Music,Drums,A26.wav
Music,Drums,938.wav
Music,Drums,QGB.wav
Music,Drums,VM6.wav
Music,Drums,13D.wav
Music,Drums,S4D.wav
Music,Drums,HZF.wav
Music,Drums,1LZ.wav
Music,Drums,ZDB.wav
Music,Drums,U85.wav
Music,Drums,QBK.wav
Music,Drums,JSY.wav
Music,Glockenspiel,3DZ.wav
Music,Glockenspiel,B1V.wav
Music,Glockenspiel,PFV.wav
Music,Guitar,81B.wav
Music,Guitar,1AZ.wav
Music,Guitar,C7X.wav
Music,Guitar,HX9.wav
Music,Guitar,XJO.wav
Music,Guitar,3WN.wav
Music,Guitar,J6Y.wav
Music,Guitar,3PD.wav
Music,Guitar,P25.wav
Music,Guitar,CMX.wav
Music,Guitar,ONV.wav
Music,Guitar,U52.wav
Music,Guitar,AS4.wav
Music,Guitar,1U7.wav
Music,Guitar,0AT.wav
Music,Guitar,1T9.wav
Music,Guitar,YLN.wav
Music,Guitar,6BE.wav
Music,Guitar,JAR.wav
Music,Guitar,HWA.wav
Music,Guitar,0S4.wav
Music,Guitar,DUT.wav
Music,Guitar,L4Z.wav
Music,Guitar,JY5.wav
Music,Guitar,CH9.wav
Music,Guitar,HG8.wav
Music,Guitar,L60.wav
Music,Guitar,C71.wav
Music,Guitar,3A2.wav
Music,Guitar,9D0.wav
Music,Guitar,D0A.wav
Music,Guitar,WI9.wav
Music,Guitar,BFS.wav
Music,Guitar,QH4.wav
Music,Guitar,OX6.wav
Music,Guitar,1S8.wav
Music,Guitar,VP1.wav
Music,Guitar,8EX.wav
Music,Guitar,LCU.wav
Music,Guitar,HSP.wav
Music,Guitar,SFR.wav
Music,Guitar,HRB.wav
Music,Guitar,ASJ.wav
Music,Guitar,RMO.wav
Music,Guitar,4VQ.wav
Music,Guitar,WG0.wav
Music,Guitar,U7V.wav
Music,Guitar,D1K.wav
Music,Guitar,VTC.wav
Music,Guitar,H2G.wav
Music,Guitar,C5X.wav
Music,Guitar,CE5.wav
Music,Guitar,RO0.wav
Music,Guitar,IP1.wav
Music,Guitar,NB9.wav
Music,Guitar,PG3.wav
Music,Guitar,FYM.wav
Music,Guitar,UG9.wav
Music,Guitar,ZK7.wav
Music,Guitar,T0J.wav
Music,Guitar,2S0.wav
Music,Guitar,VJ4.wav
Music,Guitar,IJM.wav
Music,Guitar,SUZ.wav
Music,Guitar,P06.wav
Music,Guitar,63R.wav
Music,Guitar,TO1.wav
Music,Guitar,K7Q.wav
Music,Guitar,VIW.wav
Music,HurdyGurdy,4OH.wav
Music,HurdyGurdy,TXY.wav
Music,HurdyGurdy,JVW.wav
Music,Mandolin,B0W.wav
Music,Mandolin,JCF.wav
Music,Piano,19C.wav
Music,Piano,NRH.wav
Music,Piano,2ON.wav
Music,Piano and Keys,A85.wav
Music,Piano and Keys,HTD.wav
Music,Piano and Keys,6E4.wav
Music,Piano and Keys,ZI6.wav
Music,Piano and Keys,OK7.wav
Music,Piano and Keys,32Y.wav
Music,Piano and Keys,Y58.wav
Music,Piano and Keys,0BZ.wav
Music,Piano and Keys,LQE.wav
Music,Piano and Keys,SVY.wav
Music,Piano and Keys,BN4.wav
Music,Piano and Keys,70S.wav
Music,Piano and Keys,C4O.wav
Music,Piano and Keys,80O.wav
Music,Piano and Keys,YAZ.wav
Music,Piano and Keys,DSE.wav
Music,Piano and Keys,BWT.wav
Music,Piano and Keys,RJA.wav
Music,Piano and Keys,CWG.wav
Music,Piano and Keys,31P.wav
Music,Piano and Keys,6DG.wav
Music,Piano and Keys,RFB.wav
Music,Piano and Keys,RL8.wav
Music,Piano and Keys,W7O.wav
Music,Recorder,N36.wav
Music,Recorder,4CU.wav
Music,Recorder,7FE.wav
Music,Strings,WCH.wav
Music,Strings,O6Z.wav
Music,Strings,VWM.wav
Music,Strings,2ZX.wav
Music,Strings,L03.wav
Music,Strings,HU5.wav
Music,TinWhistle,L4G.wav
Music,TinWhistle,8US.wav
Music,Trombone,UW8.wav
Music,Trombone,8RD.wav
Music,Ukelele,29G.wav
Music,Ukelele,UD1.wav
Music,Violin,L05.wav
Music,Violin,YRK.wav
Music,Violin,9WF.wav
Music,Violin,K67.wav
Music,Woodwind,1FD.wav
Music,Woodwind,H2P.wav
Music,Woodwind,G6I.wav
Nature,Birds,SN7.wav
Nature,Birds,XUZ.wav
Nature,Birds,REV.wav
Nature,Birds,APD.wav
Nature,Birds,N61.wav
Nature,Birds,YWC.wav
Nature,Birds,J8B.wav
Nature,Birds,WNE.wav
Nature,Birds,FHM.wav
Nature,Birds,5ZY.wav
Nature,Birds,ED4.wav
Nature,Birds,HGW.wav
Nature,Birds,ICB.wav
Nature,Birds,JCK.wav
Nature,Birds,JVX.wav
Nature,Birds,GHS.wav
Nature,Birds,6FT.wav
Nature,Cat,ABT.wav
Nature,Cat,HOD.wav
Nature,Cat,7BK.wav
Nature,Cat,M1D.wav
Nature,Cat,4VM.wav
Nature,Cat,5B6.wav
Nature,Cat,G3J.wav
Nature,Cat,2E3.wav
Nature,Cat,D8C.wav
Nature,Cat,N0G.wav
Nature,Cat,5PB.wav
Nature,Cat,2F6.wav
Nature,Cat,GC6.wav
Nature,Cat,YZT.wav
Nature,Cat,S2Q.wav
Nature,Cat,25K.wav
Nature,Cow,ZO4.wav
Nature,Cow,QKA.wav
Nature,Cow,TYX.wav
Nature,Cow,S5T.wav
Nature,Cow,CLR.wav
Nature,Cow,059.wav
Nature,Cow,1WS.wav
Nature,Cow,7DP.wav
Nature,Cow,V1Z.wav
Nature,Cow,W8T.wav
Nature,Crickets,7UW.wav
Nature,Crickets,A2U.wav
Nature,Crickets,2RD.wav
Nature,Crickets,GOH.wav
Nature,Crickets,F25.wav
Nature,Crickets,WQ8.wav
Nature,Crickets,Q35.wav
Nature,Crickets,1GP.wav
Nature,Crickets,ZWE.wav
Nature,Crickets,AGR.wav
Nature,Crickets,APS.wav
Nature,Crickets,L4E.wav
Nature,Crickets,YKP.wav
Nature,Crickets,GFM.wav
Nature,Crickets,AQE.wav
Nature,Crickets,DHS.wav
Nature,Crow,BLO.wav
Nature,Crow,Q05.wav
Nature,Crow,FLE.wav
Nature,Crow,MFI.wav
Nature,Crow,W50.wav
Nature,Crow,I0N.wav
Nature,Crow,DUQ.wav
Nature,Crow,LH8.wav
Nature,Crow,UY7.wav
Nature,Crow,TDV.wav
Nature,Crow,9XC.wav
Nature,Crow,0H2.wav
Nature,Crow,KDL.wav
Nature,Crow,6FC.wav
Nature,Crow,B8H.wav
Nature,Crow,6M2.wav
Nature,Crow,RCN.wav
Nature,Dog,R7L.wav
Nature,Dog,WVX.wav
Nature,Dog,6DB.wav
Nature,Dog,XYN.wav
Nature,Dog,4WN.wav
Nature,Dog,VU1.wav
Nature,Dog,ONL.wav
Nature,Dog,INJ.wav
Nature,Dog,6ZR.wav
Nature,Dog,KLF.wav
Nature,Dog,8IT.wav
Nature,Dog,5QT.wav
Nature,Dog,URS.wav
Nature,Dog,JLZ.wav
Nature,Dog,RMF.wav
Nature,Dog,G6Z.wav
Nature,Fire,7FV.wav
Nature,Fire,N2T.wav
Nature,Fire,ACT.wav
Nature,Fire,34J.wav
Nature,Fire,E4I.wav
Nature,Fire,N1V.wav
Nature,Fire,JFA.wav
Nature,Fire,DPY.wav
Nature,Fire,5KZ.wav
Nature,Fire,I2B.wav
Nature,Fire,9WG.wav
Nature,Fire,LDH.wav
Nature,Fire,LWU.wav
Nature,Fire,5NG.wav
Nature,Fire,3RK.wav
Nature,Frog,HMJ.wav
Nature,Frog,LCR.wav
Nature,Frog,YK9.wav
Nature,Frog,DEP.wav
Nature,Frog,QLX.wav
Nature,Frog,DMJ.wav
Nature,Frog,KIZ.wav
Nature,Frog,PZ9.wav
Nature,Frog,AF5.wav
Nature,Frog,5BZ.wav
Nature,Frog,SMT.wav
Nature,Frog,DUP.wav
Nature,Frog,4YC.wav
Nature,Frog,TZ5.wav
Nature,Frog,7TS.wav
Nature,Hen,68S.wav
Nature,Hen,LZK.wav
Nature,Hen,9N7.wav
Nature,Hen,SZI.wav
Nature,Hen,JPA.wav
Nature,Hen,JZB.wav
Nature,Hen,HFD.wav
Nature,Hen,C4W.wav
Nature,Hen,IU0.wav
Nature,Hen,UNM.wav
Nature,Hen,G3L.wav
Nature,Hen,9KE.wav
Nature,Hen,XUL.wav
Nature,Insects,HX6.wav
Nature,Insects,PYC.wav
Nature,Insects,JOW.wav
Nature,Insects,MSC.wav
Nature,Insects,QJ4.wav
Nature,Insects,BIC.wav
Nature,Insects,8DG.wav
Nature,Insects,VR4.wav
Nature,Insects,JSQ.wav
Nature,Insects,O4A.wav
Nature,Insects,VL1.wav
Nature,Insects,UPA.wav
Nature,Insects,KI1.wav
Nature,Insects,AUV.wav
Nature,Insects,4U8.wav
Nature,Pig,AZM.wav
Nature,Pig,XS7.wav
Nature,Pig,HMO.wav
Nature,Pig,T4K.wav
Nature,Pig,H4X.wav
Nature,Pig,ZSY.wav
Nature,Pig,U4K.wav
Nature,Pig,P78.wav
Nature,Pig,LA5.wav
Nature,Pig,LUF.wav
Nature,Pig,WVL.wav
Nature,Pig,VN6.wav
Nature,Pig,IVA.wav
Nature,Pig,PE5.wav
Nature,Rain,QXK.wav
Nature,Rain,I34.wav
Nature,Rain,9XZ.wav
Nature,Rain,CHZ.wav
Nature,Rain,SBO.wav
Nature,Rain,KJ5.wav
Nature,Rain,XID.wav
Nature,Rain,HQ1.wav
Nature,Rain,O1X.wav
Nature,Rain,K8N.wav
Nature,Rain,0UV.wav
Nature,Rain,LDU.wav
Nature,Rain,81I.wav
Nature,Rain,MGO.wav
Nature,Rain,H5D.wav
Nature,Rain,A8O.wav
Nature,Rain,78J.wav
Nature,Rooster,ZIK.wav
Nature,Rooster,PDH.wav
Nature,Rooster,9AK.wav
Nature,Rooster,YIX.wav
Nature,Rooster,KUO.wav
Nature,Rooster,0DT.wav
Nature,Rooster,T6B.wav
Nature,Rooster,1SA.wav
Nature,Rooster,JA2.wav
Nature,Rooster,HDG.wav
Nature,Rooster,FQL.wav
Nature,Rooster,YAL.wav
Nature,Rooster,GQJ.wav
Nature,Rooster,K50.wav
Nature,Rooster,LQS.wav
Nature,Sea waves,34S.wav
Nature,Sea waves,24Y.wav
Nature,Sea waves,RDA.wav
Nature,Sea waves,VOF.wav
Nature,Sea waves,U8Q.wav
Nature,Sea waves,X7M.wav
Nature,Sea waves,F82.wav
Nature,Sea waves,KP3.wav
Nature,Sea waves,NXE.wav
Nature,Sea waves,AER.wav
Nature,Sea waves,4IJ.wav
Nature,Sea waves,UBV.wav
Nature,Sea waves,TSH.wav
Nature,Sea waves,QI0.wav
Nature,Sea waves,3XI.wav
Nature,Sea waves,G50.wav
Nature,Sea waves,HWT.wav
Nature,Sea waves,O17.wav
Nature,Sea waves,C7J.wav
Nature,Sheep,E18.wav
Nature,Sheep,FXG.wav
Nature,Sheep,DRS.wav
Nature,Sheep,TAV.wav
Nature,Sheep,9TR.wav
Nature,Sheep,NDG.wav
Nature,Sheep,2A9.wav
Nature,Sheep,H0S.wav
Nature,Sheep,M52.wav
Nature,Sheep,IQE.wav
Nature,Sheep,CPF.wav
Nature,Sheep,RV9.wav
Nature,Sheep,LWB.wav
Nature,Sheep,BP5.wav
Nature,Sheep,12U.wav
Nature,Sheep,3Y0.wav
Nature,Sheep,AOH.wav
Nature,Thunderstorm,J1B.wav
Nature,Thunderstorm,IW6.wav
Nature,Thunderstorm,NC3.wav
Nature,Thunderstorm,SRD.wav
Nature,Thunderstorm,8DI.wav
Nature,Thunderstorm,P5K.wav
Nature,Thunderstorm,TRS.wav
Nature,Thunderstorm,5EC.wav
Nature,Thunderstorm,CGI.wav
Nature,Thunderstorm,C2G.wav
Nature,Thunderstorm,CFN.wav
Nature,Thunderstorm,D1C.wav
Nature,Thunderstorm,DSR.wav
Nature,Thunderstorm,BMZ.wav
Nature,Thunderstorm,VA4.wav
Nature,Thunderstorm,B8I.wav
Nature,Thunderstorm,LAH.wav
Nature,Thunderstorm,GBF.wav
Nature,Thunderstorm,J9G.wav
Nature,Water,QO9.wav
Nature,Water,4IH.wav
Nature,Water,1WB.wav
Nature,Water,V13.wav
Nature,Water,PAV.wav
Nature,Water,J51.wav
Nature,Water,KT4.wav
Nature,Water,WL4.wav
Nature,Water,6HJ.wav
Nature,Water,Z8N.wav
Nature,Water,WNL.wav
Nature,Water,0YV.wav
Nature,Water,QWZ.wav
Nature,Water,TVE.wav
Nature,Water,5ZO.wav
Nature,Water,O67.wav
Nature,Water,SY7.wav
Nature,Water,0MB.wav
Nature,Water,9YH.wav
Nature,Water,X9V.wav
Nature,Water,6G2.wav
Nature,Water,6JM.wav
Nature,Water,LM2.wav
Nature,Water,QRG.wav
Nature,Water,K0V.wav
Nature,Water,2CG.wav
Nature,Water,DRN.wav
Nature,Water,KUR.wav
Nature,Water,1K0.wav
Nature,Water,ATL.wav
Nature,Water,ZSA.wav
Nature,Wind,3WY.wav
Nature,Wind,HU7.wav
Nature,Wind,76L.wav
Nature,Wind,RIM.wav
Nature,Wind,UR0.wav
Nature,Wind,R0M.wav
Nature,Wind,Q5X.wav
Nature,Wind,H87.wav
Nature,Wind,UYS.wav
Nature,Wind,3F7.wav
Nature,Wind,I0B.wav
Nature,Wind,X08.wav
Nature,Wind,AZV.wav
Nature,Wind,YQD.wav
Nature,Wind,7OU.wav
Nature,Wind,8QW.wav
Nature,Wind,EDU.wav
Nature,Wind,IYU.wav
Urban,Airplane,RZB.wav
Urban,Airplane,Z5V.wav
Urban,Airplane,FLQ.wav
Urban,Airplane,YUS.wav
Urban,Airplane,IHP.wav
Urban,Airplane,2HF.wav
Urban,Airplane,VS2.wav
Urban,Airplane,HP9.wav
Urban,Airplane,W16.wav
Urban,Airplane,HJ9.wav
Urban,Airplane,AG1.wav
Urban,Airplane,A58.wav
Urban,Airplane,UIR.wav
Urban,Airplane,5GN.wav
Urban,Airplane,6J1.wav
Urban,Can opening,L8O.wav
Urban,Can opening,OKR.wav
Urban,Can opening,PKT.wav
Urban,Can opening,WHO.wav
Urban,Can opening,BI7.wav
Urban,Can opening,D63.wav
Urban,Can opening,6OP.wav
Urban,Can opening,VEK.wav
Urban,Can opening,C29.wav
Urban,Can opening,A39.wav
Urban,Can opening,583.wav
Urban,Can opening,Q5B.wav
Urban,Can opening,HEL.wav
Urban,Can opening,3AS.wav
Urban,Can opening,TJR.wav
Urban,Can opening,OTW.wav
Urban,Can opening,UJT.wav
Urban,Can opening,D8T.wav
Urban,Can opening,MHG.wav
Urban,Can opening,KA7.wav
Urban,Car horn,U4F.wav
Urban,Car horn,0XB.wav
Urban,Car horn,G0E.wav
Urban,Car horn,Q8Y.wav
Urban,Car horn,KO1.wav
Urban,Car horn,CY7.wav
Urban,Car horn,ZA1.wav
Urban,Car horn,Z70.wav
Urban,Car horn,PYW.wav
Urban,Car horn,HE2.wav
Urban,Car horn,V6S.wav
Urban,Car horn,QAT.wav
Urban,Car horn,A84.wav
Urban,Car horn,IAS.wav
Urban,Car horn,IGF.wav
Urban,Car horn,9VJ.wav
Urban,Car horn,0GM.wav
Urban,Chainsaw,KQJ.wav
Urban,Chainsaw,SZ5.wav
Urban,Chainsaw,2JO.wav
Urban,Chainsaw,HJD.wav
Urban,Chainsaw,PRQ.wav
Urban,Chainsaw,VKM.wav
Urban,Chainsaw,7MC.wav
Urban,Chainsaw,1G4.wav
Urban,Chainsaw,2S7.wav
Urban,Chainsaw,DZH.wav
Urban,Chainsaw,TN8.wav
Urban,Chainsaw,P59.wav
Urban,Chainsaw,WCY.wav
Urban,Chainsaw,WZQ.wav
Urban,Chainsaw,OA3.wav
Urban,Chainsaw,XS0.wav
Urban,Chainsaw,5W4.wav
Urban,Chainsaw,7NU.wav
Urban,Clock alarm,67T.wav
Urban,Clock alarm,GM5.wav
Urban,Clock alarm,M68.wav
Urban,Clock alarm,VQG.wav
Urban,Clock alarm,RCD.wav
Urban,Clock alarm,KLU.wav
Urban,Clock alarm,VE5.wav
Urban,Clock alarm,SJE.wav
Urban,Clock alarm,369.wav
Urban,Clock alarm,R8G.wav
Urban,Clock alarm,1I7.wav
Urban,Clock alarm,45Q.wav
Urban,Clock alarm,L4S.wav
Urban,Clock alarm,45G.wav
Urban,Clock alarm,UBI.wav
Urban,Clock alarm,TG2.wav
Urban,Clock tick,T3E.wav
Urban,Clock tick,O2B.wav
Urban,Clock tick,HB3.wav
Urban,Clock tick,F4N.wav
Urban,Clock tick,GFZ.wav
Urban,Clock tick,JP4.wav
Urban,Clock tick,DL4.wav
Urban,Clock tick,3D6.wav
Urban,Clock tick,J8K.wav
Urban,Clock tick,0OJ.wav
Urban,Clock tick,65L.wav
Urban,Clock tick,JVQ.wav
Urban,Clock tick,YWJ.wav
Urban,Clock tick,6ND.wav
Urban,Door knock,3XD.wav
Urban,Door knock,7XQ.wav
Urban,Door knock,DA6.wav
Urban,Door knock,XUS.wav
Urban,Door knock,WZI.wav
Urban,Door knock,RJM.wav
Urban,Door knock,SLA.wav
Urban,Door knock,ELK.wav
Urban,Door knock,SRH.wav
Urban,Door knock,W8U.wav
Urban,Door knock,6LS.wav
Urban,Door knock,NWJ.wav
Urban,Door knock,KSY.wav
Urban,Door knock,TVA.wav
Urban,Door knock,S07.wav
Urban,Door knock,PG0.wav
Urban,Engine,ABM.wav
Urban,Engine,BWX.wav
Urban,Engine,EV1.wav
Urban,Engine,3O1.wav
Urban,Engine,8F0.wav
Urban,Engine,PLQ.wav
Urban,Engine,NBW.wav
Urban,Engine,ZRT.wav
Urban,Engine,VTG.wav
Urban,Engine,4DG.wav
Urban,Engine,3I5.wav
Urban,Engine,GPX.wav
Urban,Engine,IKG.wav
Urban,Engine,V0Z.wav
Urban,Engine,I09.wav
Urban,Engine,7DG.wav
Urban,Engine,MXN.wav
Urban,Fireworks,FMB.wav
Urban,Fireworks,581.wav
Urban,Fireworks,DU5.wav
Urban,Fireworks,HP8.wav
Urban,Fireworks,OJP.wav
Urban,Fireworks,B5G.wav
Urban,Fireworks,Z9H.wav
Urban,Fireworks,OTJ.wav
Urban,Fireworks,5X1.wav
Urban,Fireworks,BQA.wav
Urban,Fireworks,XSJ.wav
Urban,Fireworks,NHC.wav
Urban,Glass breaking,DU0.wav
Urban,Glass breaking,VLR.wav
Urban,Glass breaking,E4K.wav
Urban,Glass breaking,4Y5.wav
Urban,Glass breaking,830.wav
Urban,Glass breaking,UYJ.wav
Urban,Glass breaking,OCE.wav
Urban,Glass breaking,T5D.wav
Urban,Glass breaking,42K.wav
Urban,Glass breaking,J7O.wav
Urban,Glass breaking,4SF.wav
Urban,Glass breaking,A7L.wav
Urban,Glass breaking,6XL.wav
Urban,Glass breaking,HTS.wav
Urban,Glass breaking,YEW.wav
Urban,Glass breaking,5AT.wav
Urban,Hand saw,81X.wav
Urban,Hand saw,028.wav
Urban,Hand saw,27R.wav
Urban,Hand saw,GAF.wav
Urban,Hand saw,0DC.wav
Urban,Hand saw,TIS.wav
Urban,Hand saw,J5O.wav
Urban,Hand saw,4WF.wav
Urban,Hand saw,M8P.wav
Urban,Hand saw,U78.wav
Urban,Hand saw,R7A.wav
Urban,Hand saw,O7U.wav
Urban,Hand saw,B83.wav
Urban,Hand saw,5XN.wav
Urban,Hand saw,QA6.wav
Urban,Hand saw,PXV.wav
Urban,Hand saw,1W9.wav
Urban,Helicopter,2ZB.wav
Urban,Helicopter,Y0Q.wav
Urban,Helicopter,AUZ.wav
Urban,Helicopter,CUM.wav
Urban,Helicopter,GXO.wav
Urban,Helicopter,F1I.wav
Urban,Helicopter,DWF.wav
Urban,Helicopter,9M8.wav
Urban,Helicopter,GHQ.wav
Urban,Helicopter,KN7.wav
Urban,Helicopter,ZXR.wav
Urban,Helicopter,JR0.wav
Urban,Helicopter,ULO.wav
Urban,Helicopter,UCW.wav
Urban,Helicopter,M21.wav
Urban,Helicopter,DCH.wav
Urban,Helicopter,6JT.wav
Urban,Helicopter,ENY.wav
Urban,Helicopter,IF5.wav
Urban,Siren,I2R.wav
Urban,Siren,PSM.wav
Urban,Siren,4YW.wav
Urban,Siren,2OD.wav
Urban,Siren,NWF.wav
Urban,Siren,JY7.wav
Urban,Siren,18M.wav
Urban,Siren,PIU.wav
Urban,Siren,V9I.wav
Urban,Siren,6XT.wav
Urban,Siren,ZEM.wav
Urban,Siren,2MX.wav
Urban,Siren,1OU.wav
Urban,Siren,XAI.wav
Urban,Siren,UTO.wav
Urban,Siren,5C3.wav
Urban,Toilet flush,FI4.wav
Urban,Toilet flush,R1L.wav
Urban,Toilet flush,OQ8.wav
Urban,Toilet flush,W24.wav
Urban,Toilet flush,QRL.wav
Urban,Toilet flush,476.wav
Urban,Toilet flush,O3L.wav
Urban,Toilet flush,WH7.wav
Urban,Toilet flush,V7J.wav
Urban,Toilet flush,6I1.wav
Urban,Toilet flush,9XP.wav
Urban,Train,SUQ.wav
Urban,Train,LIQ.wav
Urban,Train,EW1.wav
Urban,Train,AZ3.wav
Urban,Train,DV4.wav
Urban,Train,GKS.wav
Urban,Train,9XS.wav
Urban,Train,4P5.wav
Urban,Train,PCS.wav
Urban,Train,D6V.wav
Urban,Train,VYD.wav
Urban,Train,D6N.wav
Urban,Train,IDV.wav
Urban,Train,Q0N.wav
Urban,Train,CWK.wav
Urban,Train,TOJ.wav
Urban,Train,FBE.wav
Urban,Train,OSG.wav
Urban,Vacuum cleaner,2XE.wav
Urban,Vacuum cleaner,LDZ.wav
Urban,Vacuum cleaner,XSB.wav
Urban,Vacuum cleaner,1PY.wav
Urban,Vacuum cleaner,76P.wav
Urban,Vacuum cleaner,981.wav
Urban,Vacuum cleaner,4ZR.wav
Urban,Vacuum cleaner,QSL.wav
Urban,Vacuum cleaner,PNU.wav
Urban,Vacuum cleaner,YRO.wav
Urban,Vacuum cleaner,Y9Z.wav
Urban,Vacuum cleaner,Q34.wav
Urban,Vacuum cleaner,2PS.wav
Urban,Vacuum cleaner,OS8.wav
Urban,Vacuum cleaner,X1G.wav
Urban,Vacuum cleaner,7TI.wav
Urban,Vacuum cleaner,83K.wav
Urban,Vacuum cleaner,4JY.wav
Urban,Washing machine,W6A.wav
Urban,Washing machine,OLH.wav
Urban,Washing machine,IWF.wav
Urban,Washing machine,PR8.wav
Urban,Washing machine,TH6.wav
Urban,Washing machine,9GM.wav
Urban,Washing machine,Q9C.wav
Urban,Washing machine,7T1.wav
Urban,Washing machine,E2G.wav
Urban,Washing machine,89K.wav
Urban,Washing machine,WV3.wav
Urban,Washing machine,4P6.wav
Urban,Washing machine,I7V.wav
Urban,Washing machine,Q19.wav
Urban,Washing machine,CYJ.wav
Urban,Washing machine,EWP.wav
Urban,Washing machine,D53.wav
Urban,Washing machine,XFO.wav
Urban,Washing machine,I7Q.wav
Urban,Washing machine,Q7A.wav
Urban,Wood creaks,IY0.wav
Urban,Wood creaks,1ON.wav
Urban,Wood creaks,KEM.wav
Urban,Wood creaks,3BX.wav
Urban,Wood creaks,VIP.wav
Urban,Wood creaks,0F1.wav
Urban,Wood creaks,3K5.wav
Urban,Wood creaks,SB4.wav
Urban,Wood creaks,IQ5.wav
Urban,Wood creaks,N73.wav
Urban,Wood creaks,FUR.wav
Urban,Wood creaks,VNI.wav
Urban,Wood creaks,Z4D.wav
Urban,Wood creaks,FHA.wav
Urban,Wood creaks,1EK.wav
Urban,Wood creaks,HDP.wav
Urban,Wood creaks,IK7.wav
Urban,Wood creaks,HZ2.wav
Urban,Wood creaks,6EO.wav
Urban,cigarette lighter,3PK.wav
